event_count,decile,day_name,day_wk_mon1,simple_labels2_based_on_900k_sample,median_event_volume,mean_event_volume,median_dur,mean_dur
10.792,1,Monday,1,0_small_tap,1.8722705914,2.0056147392,21.25,21.7846230125
1.295,1,Monday,1,1_long_tap,8.49766873475,8.8713731515,92.65,95.635984125
0.283,1,Monday,1,2_shower,25.195820955,27.5503050175,279.65,288.344403925
0.092,1,Monday,1,3_bath,48.7054722175,51.2342447425,555.05,556.64553075
0.056,1,Monday,1,3_bath_big,70.3244863725,76.7915926785,821.1,924.26592885
10.513,1,Tuesday,2,0_small_tap,1.88661888975,2.01639821405,21.25,21.8031746025
1.236,1,Tuesday,2,1_long_tap,8.37150090235,8.8555236775,91.8,95.34335318
0.279,1,Tuesday,2,2_shower,24.583770822,26.562012848,276.25,283.14864199
0.09,1,Tuesday,2,3_bath,48.5517169925,52.6282771105,558.45,560.594540225
0.063,1,Tuesday,2,3_bath_big,72.5956675535,78.7284268185,846.6,929.95509275
10.086,1,Wednesday,3,0_small_tap,1.85947782025,1.99983374215,21.25,21.757638887
1.192,1,Wednesday,3,1_long_tap,8.49843017325,8.893542401,92.65,95.688369795
0.28,1,Wednesday,3,2_shower,24.241186686,26.120817645,274.55,282.413017055
0.078,1,Wednesday,3,3_bath,48.728532284,51.3451494445,549.1,554.578857155
0.06,1,Wednesday,3,3_bath_big,69.0502217585,79.5942795055,824.5,929.51213565
10.143,1,Thursday,4,0_small_tap,1.8992268981,2.0118162678,21.25,21.838591272
1.192,1,Thursday,4,1_long_tap,8.613492306,8.9322333555,93.5,95.597908375
0.273,1,Thursday,4,2_shower,24.9246664075,26.7440725545,277.95,285.253855435
0.083,1,Thursday,4,3_bath,47.890417103,50.231838816,549.95,554.33636363
0.063,1,Thursday,4,3_bath_big,71.443054744,78.8949283885,824.5,910.7916668
10.427,1,Friday,5,0_small_tap,1.86481136285,2.0039608636,21.25,21.801488092
1.216,1,Friday,5,1_long_tap,8.520965471,8.8276080795,92.65,95.23710318
0.283,1,Friday,5,2_shower,24.609483543,26.5001031065,279.65,287.799506155
0.091,1,Friday,5,3_bath,48.240731445,51.864224495,558.45,562.87472226
0.057,1,Friday,5,3_bath_big,71.918678857,78.329039554,813.875,880.53333365
10.734,1,Saturday,6,0_small_tap,1.8511968474,1.99375993965,21.25,21.688492067
1.276,1,Saturday,6,1_long_tap,8.589109903,8.8369954115,92.65,95.19155066
0.277,1,Saturday,6,2_shower,25.077500156,26.4426025955,277.95,284.952955095
0.079,1,Saturday,6,3_bath,49.5044737475,51.718045371,553.35,557.12827227
0.06,1,Saturday,6,3_bath_big,71.952499133,76.674480146,829.6,895.40598255
11.295,1,Sunday,7,0_small_tap,1.8687510576,1.99858194885,21.25,21.7745039665
1.368,1,Sunday,7,1_long_tap,8.590644969,8.8653592485,93.075,95.390575355
0.301,1,Sunday,7,2_shower,24.53700797,26.4400528675,280.5,285.679812195
0.096,1,Sunday,7,3_bath,47.5064994815,51.6046968765,555.05,554.26634148
0.089,1,Sunday,7,3_bath_big,71.555621162,76.782485838,824.925,888.55240365
15.147,2,Monday,1,0_small_tap,1.76921978655,1.89988912205,20.4,21.067688022
1.685,2,Monday,1,1_long_tap,8.7366578755,8.992042356,96.05,97.07757656
0.448,2,Monday,1,2_shower,26.2707785465,28.4027286905,293.25,297.990483405
0.116,2,Monday,1,3_bath,50.2330162445,53.1694682855,548.25,550.89178402
0.067,2,Monday,1,3_bath_big,74.154354858,79.018345269,850,937.8995965
14.762,2,Tuesday,2,0_small_tap,1.7837471272,1.8987890342,20.4,21.0724233975
1.646,2,Tuesday,2,1_long_tap,8.670177089,8.9865307775,96.05,97.40431758
0.455,2,Tuesday,2,2_shower,26.406256604,28.6594466255,293.25,298.69714714
0.135,2,Tuesday,2,3_bath,52.0813875185,54.711936672,555.05,556.115550225
0.067,2,Tuesday,2,3_bath_big,76.3140625,85.06468806,876.775,953.65887105
14.242,2,Wednesday,3,0_small_tap,1.7763111096,1.90233893085,20.4,21.077158773
1.606,2,Wednesday,3,1_long_tap,8.6777678355,8.9639183975,96.05,97.53217271
0.458,2,Wednesday,3,2_shower,26.2504320965,28.874151704,295.8,298.759355835
0.134,2,Wednesday,3,3_bath,50.805080057,53.4135527215,552.5,553.82083336
0.061,2,Wednesday,3,3_bath_big,71.2080411935,77.3631660325,832.15,917.62427535
14.25,2,Thursday,4,0_small_tap,1.78733536055,1.89799677385,20.4,21.081424583
1.6,2,Thursday,4,1_long_tap,8.666820065,9.0039366015,95.2,97.483333325
0.444,2,Thursday,4,2_shower,26.895384327,29.419817806,297.075,301.360843395
0.128,2,Thursday,4,3_bath,52.8586665165,55.202868605,555.9,556.034418575
0.073,2,Thursday,4,3_bath_big,75.7838727985,80.959774169,826.625,919.23636325
14.654,2,Friday,5,0_small_tap,1.77119728095,1.89028571155,20.4,20.965877436
1.625,2,Friday,5,1_long_tap,8.7325797625,8.975550537,95.2,97.75
0.456,2,Friday,5,2_shower,26.096749317,28.860833853,294.95,298.52867867
0.124,2,Friday,5,3_bath,51.492416764,53.4503257785,546.55,551.900691265
0.071,2,Friday,5,3_bath_big,79.650352025,80.4834333615,864.875,926.76475375
15.206,2,Saturday,6,0_small_tap,1.7659151115,1.8793998848,20.4,20.934217877
1.69,2,Saturday,6,1_long_tap,8.6389937255,8.891566032,95.2,96.9781337
0.447,2,Saturday,6,2_shower,26.2776251775,28.4973935475,292.4,298.60993884
0.126,2,Saturday,6,3_bath,51.091516117,53.59737135,556.75,556.0057604
0.079,2,Saturday,6,3_bath_big,75.1478994155,79.8250357885,807.925,897.34765625
16.234,2,Sunday,7,0_small_tap,1.78893833305,1.8951246655,20.4,21.0440111445
1.811,2,Sunday,7,1_long_tap,8.6036166575,8.9261392975,96.05,97.328551555
0.495,2,Sunday,7,2_shower,26.478057736,28.9429642445,297.5,302.281886225
0.142,2,Sunday,7,3_bath,52.0464916525,54.4659599235,555.9,555.41728398
0.081,2,Sunday,7,3_bath_big,72.0253802835,80.6797079325,815.15,889.6647655
16.213,3,Monday,1,0_small_tap,1.84543760525,1.9359073833,20.4,21.2060790295
1.837,3,Monday,1,1_long_tap,8.918995991,9.3422274215,98.6,99.22264438
0.644,3,Monday,1,2_shower,29.10009306,30.2073765255,299.2,300.82737345
0.151,3,Monday,1,3_bath,53.295236232,55.618827053,552.075,553.411261285
0.089,3,Monday,1,3_bath_big,79.8398514925,82.4921917645,831.3,909.95811685
15.653,3,Tuesday,2,0_small_tap,1.8497427303,1.9269062097,20.4,21.1905775115
1.789,3,Tuesday,2,1_long_tap,9.0520811795,9.3928441395,99.45,100.116565325
0.633,3,Tuesday,2,2_shower,29.008720168,30.320019792,297.5,301.30276927
0.153,3,Tuesday,2,3_bath,54.5082344015,55.564780653,554.2,555.81688887
0.091,3,Tuesday,2,3_bath_big,83.3286879505,81.7385905365,850.85,891.7042555
15.238,3,Wednesday,3,0_small_tap,1.8215764571,1.91733299205,20.4,21.102735562
1.735,3,Wednesday,3,1_long_tap,9.026878297,9.356538659,97.75,99.793617005
0.638,3,Wednesday,3,2_shower,28.699488043,30.177226065,299.2,302.22546875
0.161,3,Wednesday,3,3_bath,53.5323915275,54.9968771315,558.025,558.96320756
0.092,3,Wednesday,3,3_bath_big,76.943417358,82.9130885,825.35,887.4868615
15.147,3,Thursday,4,0_small_tap,1.83695096045,1.9209534778,20.4,21.1389057735
1.715,3,Thursday,4,1_long_tap,9.1245139635,9.3918677445,98.6,99.902127665
0.625,3,Thursday,4,2_shower,29.1208077895,29.7927000985,297.075,298.39872608
0.145,3,Thursday,4,3_bath,54.0837566925,55.319994372,555.9,556.90822512
0.082,3,Thursday,4,3_bath_big,84.13724728,84.2377849485,825.35,883.05192275
15.839,3,Friday,5,0_small_tap,1.79019734285,1.9031861216,20.4,20.9606382995
1.786,3,Friday,5,1_long_tap,9.034327051,9.390767394,98.6,99.47599385
0.658,3,Friday,5,2_shower,28.541036007,30.049902049,298.35,300.40859375
0.164,3,Friday,5,3_bath,54.3219053745,55.286497878,554.2,554.05295357
0.087,3,Friday,5,3_bath_big,82.2349923045,86.330618645,858.5,912.43196195
16.333,3,Saturday,6,0_small_tap,1.82601455955,1.91026062315,20.4,21.0743161095
1.83,3,Saturday,6,1_long_tap,8.9186250595,9.3262503965,98.6,99.757446785
0.651,3,Saturday,6,2_shower,28.216762095,29.6684883745,299.2,301.44507933
0.149,3,Saturday,6,3_bath,54.232028151,55.752975413,559.3,557.392948755
0.099,3,Saturday,6,3_bath_big,82.261112915,86.19112812,838.1,898.0825807
17.636,3,Sunday,7,0_small_tap,1.8444876801,1.91359354965,20.4,21.0562309995
1.952,3,Sunday,7,1_long_tap,9.067532794,9.3297964435,98.6,99.147720365
0.681,3,Sunday,7,2_shower,28.9101631355,29.9538194855,301.75,302.999526775
0.167,3,Sunday,7,3_bath,55.0649474605,56.0756739265,552.5,556.126666695
0.107,3,Sunday,7,3_bath_big,84.440772148,86.822518575,828.325,901.1945786
17.494,4,Monday,1,0_small_tap,1.8542829067,1.9738857437,21.25,21.435148513
2.087,4,Monday,1,1_long_tap,9.0405468665,9.4831692705,99.45,100.762871325
0.775,4,Monday,1,2_shower,28.4550668115,30.032282314,297.075,301.784931515
0.182,4,Monday,1,3_bath,56.6860002255,56.3969759325,557.6,557.66071431
0.107,4,Monday,1,3_bath_big,80.4582161905,82.1939764555,850.85,906.95537965
17.194,4,Tuesday,2,0_small_tap,1.84999222485,1.9753406411,21.25,21.423927391
2.081,4,Tuesday,2,1_long_tap,9.2838611005,9.609811,100.3,101.35198023
0.768,4,Tuesday,2,2_shower,29.232576576,30.315308259,295.8,300.92842808
0.18,4,Tuesday,2,3_bath,55.718066355,56.736569692,552.5,554.82405062
0.105,4,Tuesday,2,3_bath_big,84.20383186,88.08530195,843.2,916.4424855
16.349,4,Wednesday,3,0_small_tap,1.85268836875,1.9699041499,20.4,21.3874587445
1.96,4,Wednesday,3,1_long_tap,9.2975525095,9.56237811,100.3,100.95643562
0.733,4,Wednesday,3,2_shower,29.7369989015,30.838975647,300.475,304.58716213
0.184,4,Wednesday,3,3_bath,57.932092839,57.9058330155,556.325,557.356086975
0.094,4,Wednesday,3,3_bath_big,81.209353396,85.0222037,853.825,912.9148257
16.393,4,Thursday,4,0_small_tap,1.8580986638,1.9697402478,20.4,21.379042903
1.969,4,Thursday,4,1_long_tap,9.257304304,9.549456495,99.45,100.92557756
0.733,4,Thursday,4,2_shower,30.0643447475,30.9558985275,299.2,303.05658787
0.176,4,Thursday,4,3_bath,56.597699735,57.348255379,552.5,555.37857141
0.107,4,Thursday,4,3_bath_big,81.874833679,83.725453271,837.25,881.39192545
17.036,4,Friday,5,0_small_tap,1.86151460725,1.9680778586,20.4,21.3818481835
2.013,4,Friday,5,1_long_tap,9.214636735,9.574242614,99.45,101.276237665
0.75,4,Friday,5,2_shower,30.163829844,31.0084321315,303.025,303.52466213
0.18,4,Friday,5,3_bath,56.969753898,56.4451158695,560.15,556.907142815
0.106,4,Friday,5,3_bath_big,81.2451436575,84.2343508635,833,885.08429485
17.683,4,Saturday,6,0_small_tap,1.87093846205,1.9635647683,20.4,21.350990098
2.072,4,Saturday,6,1_long_tap,9.11271995,9.46014113,99.45,100.448679875
0.726,4,Saturday,6,2_shower,28.8553483015,30.114597589,296.65,301.06190477
0.193,4,Saturday,6,3_bath,55.780068653,56.02429883,556.75,559.237445865
0.109,4,Saturday,6,3_bath_big,81.3472661765,87.342986325,834.7,908.85517215
18.709,4,Sunday,7,0_small_tap,1.8602163844,1.9705646135,21.25,21.446369635
2.246,4,Sunday,7,1_long_tap,9.1762724695,9.4751034165,99.45,100.73481852
0.801,4,Sunday,7,2_shower,29.0260299845,30.012474084,296.65,300.977272735
0.197,4,Sunday,7,3_bath,56.647460656,57.0232681045,556.75,558.927685975
0.127,4,Sunday,7,3_bath_big,82.731681551,87.05775259,864.025,920.3678569
20.733,5,Monday,1,0_small_tap,1.83631284675,1.92883942505,19.55,20.488610035
2.114,5,Monday,1,1_long_tap,9.640605531,9.8612136555,101.15,101.49787644
0.866,5,Monday,1,2_shower,29.0422019485,30.674529292,297.5,300.564031635
0.21,5,Monday,1,3_bath,53.4538275915,55.45594548,556.325,556.04583331
0.111,5,Monday,1,3_bath_big,79.3605330925,85.74006763,844.05,891.80778465
20.19,5,Tuesday,2,0_small_tap,1.8364776983,1.93588172945,20.4,20.501737452
2.11,5,Tuesday,2,1_long_tap,9.620196963,9.8852804535,101.15,101.82277993
0.87,5,Tuesday,2,2_shower,28.9210421325,30.9441263335,296.65,302.549604775
0.214,5,Tuesday,2,3_bath,54.4227581125,56.530699131,557.6,558.6802956
0.115,5,Tuesday,2,3_bath_big,81.4133808255,84.959304703,852.975,896.545779
19.467,5,Wednesday,3,0_small_tap,1.84113527075,1.93033579225,19.55,20.449227801
1.999,5,Wednesday,3,1_long_tap,9.5521359755,9.8670965395,101.15,101.612741275
0.857,5,Wednesday,3,2_shower,29.4487064585,30.9733009685,300.9,303.0049213
0.206,5,Wednesday,3,3_bath,54.659250442,56.3763862635,558.45,560.063768095
0.111,5,Wednesday,3,3_bath_big,79.3264468175,86.0254094,833,902.09660455
19.321,5,Thursday,4,0_small_tap,1.8258940899,1.92440944095,20.4,20.4393822425
2.029,5,Thursday,4,1_long_tap,9.5375194095,9.8964873975,101.15,101.97702705
0.819,5,Thursday,4,2_shower,29.2858405425,30.5584730715,294.95,300.073425235
0.197,5,Thursday,4,3_bath,53.81491814,55.9197724515,558.45,559.92004831
0.118,5,Thursday,4,3_bath_big,78.4562599635,86.07033207,862.75,905.7819351
20.223,5,Friday,5,0_small_tap,1.8354301872,1.9245569151,19.55,20.501737452
2.084,5,Friday,5,1_long_tap,9.6812821535,9.871269912,100.3,101.68494206
0.842,5,Friday,5,2_shower,28.6962303075,30.5836488475,303.45,302.744466425
0.212,5,Friday,5,3_bath,53.270916899,55.90231975,561,558.253201965
0.111,5,Friday,5,3_bath_big,77.923985246,84.0741516865,858.5,923.4990852
20.793,5,Saturday,6,0_small_tap,1.8428812753,1.92979736485,20.4,20.56737452
2.138,5,Saturday,6,1_long_tap,9.506510619,9.871456334,101.15,101.599613875
0.854,5,Saturday,6,2_shower,29.4703067605,30.9672230775,300.9,303.73557314
0.215,5,Saturday,6,3_bath,53.209113909,54.974569808,555.05,554.853201965
0.132,5,Saturday,6,3_bath_big,80.463830568,82.8621299035,864.45,888.36111115
22.116,5,Sunday,7,0_small_tap,1.86190476235,1.9412888387,20.4,20.5640926615
2.323,5,Sunday,7,1_long_tap,9.493195539,9.7979619935,102,101.399420855
0.89,5,Sunday,7,2_shower,29.664999677,30.814679349,301.75,302.67999996
0.23,5,Sunday,7,3_bath,53.8952532465,55.2010961255,557.6,556.366262145
0.126,5,Sunday,7,3_bath_big,80.0974833645,86.11780151,843.2,893.6075755
20.808,6,Monday,1,0_small_tap,1.86875726175,1.9282388652,20.4,20.848611113
2.44,6,Monday,1,1_long_tap,9.570061991,9.708374348,100.3,100.4855159
0.966,6,Monday,1,2_shower,31.5336552575,32.4706908035,304.3,306.3332
0.228,6,Monday,1,3_bath,58.3399278455,59.267924449,558.45,558.16795453
0.118,6,Monday,1,3_bath_big,86.067104365,86.865997945,864.45,902.94431125
20.605,6,Tuesday,2,0_small_tap,1.8708805337,1.931537807,20.4,20.872222226
2.467,6,Tuesday,2,1_long_tap,9.5153678145,9.7394394,99.45,100.9375
0.975,6,Tuesday,2,2_shower,31.784964362,32.608776508,306.85,307.881653245
0.238,6,Tuesday,2,3_bath,58.5131079335,59.371123748,553.35,552.81875
0.119,6,Tuesday,2,3_bath_big,83.5533848215,87.31553192,826.2,887.5362176
19.579,6,Wednesday,3,0_small_tap,1.8661769788,1.93071927485,20.4,20.9093253975
2.352,6,Wednesday,3,1_long_tap,9.6870471085,9.7646041855,100.3,100.83968251
0.943,6,Wednesday,3,2_shower,31.9636301035,32.3973414985,303.45,307.1594
0.243,6,Wednesday,3,3_bath,58.3635500425,59.5521568585,557.6,557.17699529
0.115,6,Wednesday,3,3_bath_big,81.687832642,85.642369735,833.85,888.27706995
19.63,6,Thursday,4,0_small_tap,1.88726995915,1.93703020865,20.4,20.970039682
2.347,6,Thursday,4,1_long_tap,9.5856673365,9.750691972,100.3,101.079166695
0.916,6,Thursday,4,2_shower,31.6730382235,32.4676937545,305.575,307.3328
0.233,6,Thursday,4,3_bath,58.7704689275,59.1744008275,559.3,559.870657275
0.114,6,Thursday,4,3_bath_big,86.88027123,89.25191114,850.85,893.4889937
20.16,6,Friday,5,0_small_tap,1.8762106066,1.9281825765,21.25,20.91269841
2.363,6,Friday,5,1_long_tap,9.4593186445,9.7272840855,100.3,101.10277774
0.954,6,Friday,5,2_shower,32.0010447745,32.344050434,306.425,307.2444
0.241,6,Friday,5,3_bath,58.3797950895,59.766522158,559.3,556.32697676
0.13,6,Friday,5,3_bath_big,85.623426635,87.940184255,856.8,885.179375
21.157,6,Saturday,6,0_small_tap,1.86518058585,1.9316486521,20.4,20.9194444435
2.446,6,Saturday,6,1_long_tap,9.5731888265,9.714437432,100.3,100.43829364
0.963,6,Saturday,6,2_shower,31.0275348275,32.036681016,304.3,307.1118
0.244,6,Saturday,6,3_bath,59.7896174485,59.6054163285,556.75,558.978271005
0.13,6,Saturday,6,3_bath_big,88.189600435,89.254993495,841.925,898.01975295
22.415,6,Sunday,7,0_small_tap,1.8489251663,1.92988213875,20.825,20.9329365105
2.684,6,Sunday,7,1_long_tap,9.6607662305,9.679189496,98.6,100.01329364
1.008,6,Sunday,7,2_shower,31.6373170585,32.8641457565,306.85,309.205421655
0.244,6,Sunday,7,3_bath,59.3712126155,58.98850842,561,558.21712329
0.126,6,Sunday,7,3_bath_big,88.007722195,89.27565147,868.7,904.55706555
21.739,7,Monday,1,0_small_tap,1.7787627034,1.8492017529,20.4,20.2659751025
2.469,7,Monday,1,1_long_tap,9.6230785905,9.9699279415,102,102.398547745
1.123,7,Monday,1,2_shower,31.061822612,33.089563759,304.725,307.08375
0.281,7,Monday,1,3_bath,60.2690141845,60.3073208285,562.7,560.036124395
0.169,7,Monday,1,3_bath_big,89.3590839,94.57643354,884.85,931.88333305
21.033,7,Tuesday,2,0_small_tap,1.80462287645,1.84739211735,20.4,20.2130705415
2.42,7,Tuesday,2,1_long_tap,9.8189595945,9.9752255665,102,102.387966775
1.148,7,Tuesday,2,2_shower,31.6362271545,33.367177193,307.7,309.26950205
0.275,7,Tuesday,2,3_bath,59.5651649865,60.0950645915,561,560.968949755
0.169,7,Tuesday,2,3_bath_big,87.275876445,90.402831285,844.9,899.4632765
20.271,7,Wednesday,3,0_small_tap,1.77843148645,1.8455877722,20.4,20.195435685
2.337,7,Wednesday,3,1_long_tap,9.6110062105,9.910551489,102,101.982365135
1.099,7,Wednesday,3,2_shower,31.729334106,33.137300915,309.4,309.049375
0.272,7,Wednesday,3,3_bath,59.0025144395,60.8622692365,560.15,559.121052645
0.16,7,Wednesday,3,3_bath_big,89.358610535,92.82363171,865.3,904.67023115
20.335,7,Thursday,4,0_small_tap,1.7993180953,1.86139683975,20.4,20.315352699
2.345,7,Thursday,4,1_long_tap,9.7284023285,10.032075836,102.85,102.65601657
1.09,7,Thursday,4,2_shower,31.6742644165,33.314795433,309.4,309.091875
0.268,7,Thursday,4,3_bath,60.1044806365,60.833232446,562.7,562.087844025
0.171,7,Thursday,4,3_bath_big,88.638352665,91.268485565,835.975,895.8856741
21.071,7,Friday,5,0_small_tap,1.78764789365,1.83657048005,20.4,20.191908712
2.39,7,Friday,5,1_long_tap,9.5744830025,9.9143844875,102,102.204564315
1.113,7,Friday,5,2_shower,31.449717256,33.1593830905,306.85,308.500622395
0.265,7,Friday,5,3_bath,59.353446298,61.1859654035,562.7,560.3625
0.172,7,Friday,5,3_bath_big,90.42370941,93.810487235,879.75,918.4711958
22.025,7,Saturday,6,0_small_tap,1.75544838915,1.846422887,20.4,20.2095435685
2.506,7,Saturday,6,1_long_tap,9.647404171,9.884125924,102,101.72136932
1.1,7,Saturday,6,2_shower,31.7735188145,33.293906904,306,309.669166695
0.27,7,Saturday,6,3_bath,60.029459356,60.9346548285,562.7,560.953636325
0.179,7,Saturday,6,3_bath_big,88.07077392,89.932736235,850,886.37252765
23.433,7,Sunday,7,0_small_tap,1.7983296949,1.8541825863,20.4,20.3224066365
2.782,7,Sunday,7,1_long_tap,9.6837939205,9.889911823,101.15,101.52738589
1.163,7,Sunday,7,2_shower,31.724187152,33.1674430455,307.7,310.267708305
0.315,7,Sunday,7,3_bath,59.799412789,60.9115470685,561.85,560.656880755
0.215,7,Sunday,7,3_bath_big,88.073892315,90.65326279,859.35,911.9951614
23.953,8,Monday,1,0_small_tap,1.8297317022,1.9388217919,20.4,20.7013636325
2.79,8,Monday,1,1_long_tap,9.923900875,10.226976994,102.85,103.549318205
1.17,8,Monday,1,2_shower,32.718450903,33.4775224845,309.4,310.396818205
0.338,8,Monday,1,3_bath,60.0405830425,61.8772301815,563.55,562.11951222
0.209,8,Monday,1,3_bath_big,90.397532725,94.14996287,837.25,887.6074408
23.051,8,Tuesday,2,0_small_tap,1.8569044121,1.93483809095,20.4,20.7013636325
2.708,8,Tuesday,2,1_long_tap,9.8995647205,10.2370107,102.85,103.607272735
1.178,8,Tuesday,2,2_shower,31.8231122345,33.212928339,308.55,309.361187215
0.329,8,Tuesday,2,3_bath,60.8893135845,62.738338024,566.1,566.506157625
0.197,8,Tuesday,2,3_bath_big,88.933610535,92.888523685,853.4,886.22192975
22.324,8,Wednesday,3,0_small_tap,1.86723646385,1.93247852495,20.4,20.627954547
2.537,8,Wednesday,3,1_long_tap,9.823366224,10.2630161695,103.7,103.7
1.121,8,Wednesday,3,2_shower,32.9034661955,33.774920578,311.525,311.865
0.33,8,Wednesday,3,3_bath,60.533812449,62.858364433,562.7,565.31159423
0.193,8,Wednesday,3,3_bath_big,86.71571225,92.55033427,841.5,878.8144968
22.159,8,Thursday,4,0_small_tap,1.85187592685,1.9361000392,20.4,20.7013636325
2.55,8,Thursday,4,1_long_tap,9.9190401415,10.2237704795,102.85,103.576363675
1.131,8,Thursday,4,2_shower,33.429889003,33.859675846,311.95,311.490227265
0.314,8,Thursday,4,3_bath,60.729473337,62.5060215405,561.425,563.67791259
0.19,8,Thursday,4,3_bath_big,89.590686375,94.00320918,837.25,890.324
23.167,8,Friday,5,0_small_tap,1.8702623168,1.92863060555,20.4,20.6743181795
2.595,8,Friday,5,1_long_tap,9.895460538,10.20555594,102.85,103.406363675
1.115,8,Friday,5,2_shower,32.1817905085,33.5768837615,306.85,310.91454547
0.316,8,Friday,5,3_bath,60.0665379455,62.369420157,565.25,565.89567309
0.197,8,Friday,5,3_bath_big,88.92002898,93.3253811,848.725,880.55114965
24.343,8,Saturday,6,0_small_tap,1.8450638084,1.91497954265,20.4,20.512045453
2.736,8,Saturday,6,1_long_tap,9.7771978365,10.1464263785,102.85,103.294318205
1.151,8,Saturday,6,2_shower,32.7211210675,33.3735272795,310.675,310.19931195
0.328,8,Saturday,6,3_bath,60.3788897405,62.146690067,564.4,565.369660195
0.206,8,Saturday,6,3_bath_big,86.97614341,90.53906954,840.65,873.6488887
25.595,8,Sunday,7,0_small_tap,1.8722116558,1.9412531166,20.4,20.755454547
2.933,8,Sunday,7,1_long_tap,9.71122178,10.101959759,102,102.687727265
1.177,8,Sunday,7,2_shower,32.5892303755,33.7585365645,311.95,312.680227265
0.359,8,Sunday,7,3_bath,60.0293611385,62.5194063035,561.85,562.913526545
0.223,8,Sunday,7,3_bath_big,87.944312365,93.46751504,852.55,890.08522735
25.338,9,Monday,1,0_small_tap,1.8303569996,1.92189975135,20.4,20.6351941755
3.045,9,Monday,1,1_long_tap,9.770519497,10.0336574905,102.85,102.965533955
1.464,9,Monday,1,2_shower,32.9404889655,33.8928784185,310.25,312.8
0.378,9,Monday,1,3_bath,60.997623466,62.1289690545,561,562.169845395
0.237,9,Monday,1,3_bath_big,88.2938571,90.901301375,856.8,879.9142047
24.616,9,Tuesday,2,0_small_tap,1.84379025595,1.9185087027,20.4,20.58567961
2.96,9,Tuesday,2,1_long_tap,9.6706585305,10.0235688915,102.425,102.76747571
1.493,9,Tuesday,2,2_shower,32.9409629255,33.9896242115,312.8,312.6258537
0.374,9,Tuesday,2,3_bath,59.7444004405,61.1545658085,561,561.960677055
0.227,9,Tuesday,2,3_bath_big,86.525818425,87.084331155,845.325,875.53305565
23.501,9,Wednesday,3,0_small_tap,1.85324477705,1.9222362655,20.4,20.6640776685
2.815,9,Wednesday,3,1_long_tap,9.7126599715,10.043521664,102,102.862378635
1.42,9,Wednesday,3,2_shower,32.7391351175,34.1913122795,311.1,312.878780465
0.38,9,Wednesday,3,3_bath,59.6643922185,61.199268881,564.4,563.47879584
0.237,9,Wednesday,3,3_bath_big,89.222234495,91.64081863,860.2,889.3414204
23.487,9,Thursday,4,0_small_tap,1.8374048307,1.9092552525,19.55,20.5155339805
2.822,9,Thursday,4,1_long_tap,9.712868995,9.9831558115,102.85,102.651941755
1.425,9,Thursday,4,2_shower,32.9488162795,33.9872222645,311.1,312.600975645
0.363,9,Thursday,4,3_bath,61.2274474265,62.049444032,561.85,562.69554974
0.239,9,Thursday,4,3_bath_big,88.59719932,90.18218905,856.8,888.59795345
24.144,9,Friday,5,0_small_tap,1.83712289335,1.9070035889,19.55,20.573300975
2.869,9,Friday,5,1_long_tap,9.8313468145,10.0517966945,102.85,103.08932039
1.439,9,Friday,5,2_shower,32.709186719,33.915739092,310.25,312.181067995
0.367,9,Friday,5,3_bath,61.037892505,61.8007319495,563.55,563.3474093
0.241,9,Friday,5,3_bath_big,89.31262324,91.67030683,874.65,896.59000025
25.135,9,Saturday,6,0_small_tap,1.8369077167,1.8953618954,19.55,20.490776702
3.006,9,Saturday,6,1_long_tap,9.683910804,10.002392187,103.7,102.969660195
1.418,9,Saturday,6,2_shower,32.561978007,33.6753010965,309.825,310.57184468
0.37,9,Saturday,6,3_bath,61.8691321975,62.389474921,565.25,564.99846936
0.225,9,Saturday,6,3_bath_big,90.9110785,91.873900105,858.5,888.6631289
27.278,9,Sunday,7,0_small_tap,1.8462117657,1.9205824103,20.4,20.659951454
3.293,9,Sunday,7,1_long_tap,9.6320855985,9.955761323,102,102.31771844
1.486,9,Sunday,7,2_shower,32.7632953305,34.051661674,311.1,312.474029165
0.391,9,Sunday,7,3_bath,60.258566571,61.44792681,562.7,562.40228427
0.261,9,Sunday,7,3_bath_big,87.49994452,90.768007605,853.4,883.41531815
27.815,10,Monday,1,0_small_tap,1.8088130152,1.88229818505,20.4,20.776756754
3.326,10,Monday,1,1_long_tap,9.575452385,9.977929544,102.85,103.791891885
1.606,10,Monday,1,2_shower,32.6502435795,33.704155902,311.1,311.518108115
0.515,10,Monday,1,3_bath,62.294526793,64.403161097,566.95,568.89692738
0.357,10,Monday,1,3_bath_big,93.548810315,95.30321193,853.4,875.55701205
27.293,10,Tuesday,2,0_small_tap,1.81669861395,1.8919625499,20.4,20.8824324345
3.278,10,Tuesday,2,1_long_tap,9.5810873495,10.0025525055,103.7,103.778108115
1.629,10,Tuesday,2,2_shower,33.322374203,33.879925413,311.1,312.731081065
0.517,10,Tuesday,2,3_bath,63.2238657505,64.7632218195,568.65,569.822905055
0.34,10,Tuesday,2,3_bath_big,92.35030938,97.05630038,851.275,883.16011925
26.138,10,Wednesday,3,0_small_tap,1.82432959775,1.887589135,20.4,20.795135131
3.122,10,Wednesday,3,1_long_tap,9.7237814055,10.062735098,103.7,104.00324328
1.56,10,Wednesday,3,2_shower,33.1093453585,34.0275874555,311.1,314.13243246
0.502,10,Wednesday,3,3_bath,63.2557161175,64.757998476,567.375,568.404444435
0.342,10,Wednesday,3,3_bath_big,91.180471975,94.596912335,847.875,875.17999965
26.184,10,Thursday,4,0_small_tap,1.82877290815,1.88040223625,20.4,20.7675675655
3.092,10,Thursday,4,1_long_tap,9.610814,10.0872227735,103.7,104.39378377
1.524,10,Thursday,4,2_shower,32.6636786625,34.0179166825,312.8,313.82918918
0.492,10,Thursday,4,3_bath,63.902575459,64.9860415335,569.075,569.82111113
0.345,10,Thursday,4,3_bath_big,93.42398603,96.16979645,850,878.1056546
26.831,10,Friday,5,0_small_tap,1.798616983,1.88076121335,20.4,20.703243246
3.111,10,Friday,5,1_long_tap,9.5655541435,10.0285798285,103.7,103.810270245
1.569,10,Friday,5,2_shower,32.7507505885,34.0083353975,312.8,314.775675655
0.505,10,Friday,5,3_bath,63.000854013,63.874617429,568.65,568.32888887
0.35,10,Friday,5,3_bath_big,92.241158925,95.542010845,867.425,892.5204816
28.443,10,Saturday,6,0_small_tap,1.82676449245,1.86425970095,20.4,20.707837836
3.348,10,Saturday,6,1_long_tap,9.709238135,9.950163121,102.85,103.603513525
1.545,10,Saturday,6,2_shower,32.717343166,33.5988541195,311.1,313.760270245
0.483,10,Saturday,6,3_bath,62.5214172675,64.0560444975,570.35,569.5373626
0.346,10,Saturday,6,3_bath_big,93.468437885,95.77152538,867,892.65143685
29.957,10,Sunday,7,0_small_tap,1.8116748819,1.8789009144,20.4,20.790540541
3.578,10,Sunday,7,1_long_tap,9.6719881345,9.914857861,102.85,103.447297295
1.593,10,Sunday,7,2_shower,32.564381246,33.4544856145,311.95,311.99135131
0.519,10,Sunday,7,3_bath,63.115978098,63.583826173,567.8,568.565934065
0.375,10,Sunday,7,3_bath_big,93.88391763,95.727661895,867,905.1544379
